﻿<?xml version="1.0" encoding="utf-8"?>
<assemblies>
  <assembly name="I:\Agent\PROD-James_Bond\_work\5c0e0f53\CDO Team\spec\App.Db.Slacker\bin\Debug\App.Db.Slacker.dll" environment="64-bit .NET 4.0.30319.42000" test-framework="xUnit.net 1.8.0.1545" run-date="2016-03-11" run-time="18:30:38" total="2" passed="2" failed="0" skipped="0" time="1.298" errors="0">
    <errors />
    <collection total="2" passed="2" failed="0" skipped="0" name="xUnit.net v1 Tests for I:\Agent\PROD-James_Bond\_work\5c0e0f53\CDO Team\spec\App.Db.Slacker\bin\Debug\App.Db.Slacker.dll" time="1.298">
      <test name="App.Db.Slacker.SlackerRunner.SpecificSpecTester.RunThisSpec" type="App.Db.Slacker.SlackerRunner.SpecificSpecTester" method="RunThisSpec" time="0.849" result="Pass">
        <output><![CDATA[Standard Error: 
Standard Output: Running Slacker ....

testoutput.txt:
Beachcomber (local_dev)
Cannot find directory "I:/Agent/PROD-James_Bond/_work/5c0e0f53/CDO Team/spec/App.Db.Slacker/debug"

]]></output>
      </test>
      <test name="App.Db.Slacker.SlackerRunner.SpecsTester.RunSpecs(config/config_value_code_part.rb)" type="App.Db.Slacker.SlackerRunner.SpecsTester" method="RunSpecs" time="0.449" result="Pass">
        <output><![CDATA[Standard Error: 
Standard Output: Running Slacker ....

testoutput.txt:
Beachcomber (local_dev)
Cannot find directory "I:/Agent/PROD-James_Bond/_work/5c0e0f53/CDO Team/spec/App.Db.Slacker/debug"

]]></output>
      </test>
    </collection>
  </assembly>
  <assembly name="I:\Agent\PROD-James_Bond\_work\5c0e0f53\CDO Team\spec\Beachcomber.Db.Slacker\bin\Debug\Beachcomber.Db.Slacker.dll" environment="64-bit .NET 4.0.30319.42000" test-framework="xUnit.net 1.8.0.1545" run-date="2016-03-11" run-time="18:30:40" total="32" passed="32" failed="0" skipped="0" time="70.808" errors="0">
    <errors />
    <collection total="32" passed="32" failed="0" skipped="0" name="xUnit.net v1 Tests for I:\Agent\PROD-James_Bond\_work\5c0e0f53\CDO Team\spec\Beachcomber.Db.Slacker\bin\Debug\Beachcomber.Db.Slacker.dll" time="70.808">
      <test name="Beachcomber.Db.Slacker.SlackerRunner.SpecificSpecTester.RunThisSpec" type="Beachcomber.Db.Slacker.SlackerRunner.SpecificSpecTester" method="RunThisSpec" time="1.034" result="Pass">
        <output><![CDATA[Standard Error: 
Standard Output: Running Slacker ....

testoutput.txt:
Beachcomber (local_dev)
.

Finished in 0.136 seconds (files took 0.358 seconds to load)
1 example, 0 failures


]]></output>
      </test>
      <test name="Beachcomber.Db.Slacker.SlackerRunner.SpecsTester.RunSpecs(authorization/tf_authorization_verdict.rb)" type="Beachcomber.Db.Slacker.SlackerRunner.SpecsTester" method="RunSpecs" time="29.671" result="Pass">
        <output><![CDATA[Standard Error: 
Standard Output: Running Slacker ....

testoutput.txt:
Beachcomber (local_dev)
..........................................................

Finished in 29.09 seconds (files took 0.32 seconds to load)
58 examples, 0 failures


]]></output>
      </test>
      <test name="Beachcomber.Db.Slacker.SlackerRunner.SpecsTester.RunSpecs(authorization/tf_role_authorization_permission.rb)" type="Beachcomber.Db.Slacker.SlackerRunner.SpecsTester" method="RunSpecs" time="6.582" result="Pass">
        <output><![CDATA[Standard Error: 
Standard Output: Running Slacker ....

testoutput.txt:
Beachcomber (local_dev)
...................

Finished in 6.01 seconds (files took 0.329 seconds to load)
19 examples, 0 failures


]]></output>
      </test>
      <test name="Beachcomber.Db.Slacker.SlackerRunner.SpecsTester.RunSpecs(authorization/tf_user_role_strands.rb)" type="Beachcomber.Db.Slacker.SlackerRunner.SpecsTester" method="RunSpecs" time="10.337" result="Pass">
        <output><![CDATA[Standard Error: 
Standard Output: Running Slacker ....

testoutput.txt:
Beachcomber (local_dev)
............................

Finished in 9.72 seconds (files took 0.359 seconds to load)
28 examples, 0 failures


]]></output>
      </test>
      <test name="Beachcomber.Db.Slacker.SlackerRunner.SpecsTester.RunSpecs(client_format/boolean_to_client_format.rb)" type="Beachcomber.Db.Slacker.SlackerRunner.SpecsTester" method="RunSpecs" time="0.738" result="Pass">
        <output><![CDATA[Standard Error: 
Standard Output: Running Slacker ....

testoutput.txt:
Beachcomber (local_dev)
...

Finished in 0.143 seconds (files took 0.324 seconds to load)
3 examples, 0 failures


]]></output>
      </test>
      <test name="Beachcomber.Db.Slacker.SlackerRunner.SpecsTester.RunSpecs(config/config_value_code_part.rb)" type="Beachcomber.Db.Slacker.SlackerRunner.SpecsTester" method="RunSpecs" time="0.638" result="Pass">
        <output><![CDATA[Standard Error: 
Standard Output: Running Slacker ....

testoutput.txt:
Beachcomber (local_dev)
.

Finished in 0.055 seconds (files took 0.328 seconds to load)
1 example, 0 failures


]]></output>
      </test>
      <test name="Beachcomber.Db.Slacker.SlackerRunner.SpecsTester.RunSpecs(config/config_value_get.rb)" type="Beachcomber.Db.Slacker.SlackerRunner.SpecsTester" method="RunSpecs" time="0.728" result="Pass">
        <output><![CDATA[Standard Error: 
Standard Output: Running Slacker ....

testoutput.txt:
Beachcomber (local_dev)
..

Finished in 0.164 seconds (files took 0.308 seconds to load)
2 examples, 0 failures


]]></output>
      </test>
      <test name="Beachcomber.Db.Slacker.SlackerRunner.SpecsTester.RunSpecs(config/config_value_put.rb)" type="Beachcomber.Db.Slacker.SlackerRunner.SpecsTester" method="RunSpecs" time="0.669" result="Pass">
        <output><![CDATA[Standard Error: 
Standard Output: Running Slacker ....

testoutput.txt:
Beachcomber (local_dev)
...

Finished in 0.12 seconds (files took 0.302 seconds to load)
3 examples, 0 failures


]]></output>
      </test>
      <test name="Beachcomber.Db.Slacker.SlackerRunner.SpecsTester.RunSpecs(config/tf_config_value.rb)" type="Beachcomber.Db.Slacker.SlackerRunner.SpecsTester" method="RunSpecs" time="1.507" result="Pass">
        <output><![CDATA[Standard Error: 
Standard Output: Running Slacker ....

testoutput.txt:
Beachcomber (local_dev)
........................

Finished in 0.947 seconds (files took 0.305 seconds to load)
24 examples, 0 failures


]]></output>
      </test>
      <test name="Beachcomber.Db.Slacker.SlackerRunner.SpecsTester.RunSpecs(context_info/context_info.rb)" type="Beachcomber.Db.Slacker.SlackerRunner.SpecsTester" method="RunSpecs" time="0.600" result="Pass">
        <output><![CDATA[Standard Error: 
Standard Output: Running Slacker ....

testoutput.txt:
Beachcomber (local_dev)
.

Finished in 0.034 seconds (files took 0.311 seconds to load)
1 example, 0 failures


]]></output>
      </test>
      <test name="Beachcomber.Db.Slacker.SlackerRunner.SpecsTester.RunSpecs(excel_export/excel_export_meta.rb)" type="Beachcomber.Db.Slacker.SlackerRunner.SpecsTester" method="RunSpecs" time="0.725" result="Pass">
        <output><![CDATA[Standard Error: 
Standard Output: Running Slacker ....

testoutput.txt:
Beachcomber (local_dev)
...

Finished in 0.157 seconds (files took 0.307 seconds to load)
3 examples, 0 failures


]]></output>
      </test>
      <test name="Beachcomber.Db.Slacker.SlackerRunner.SpecsTester.RunSpecs(excel_export/excel_export_seed.rb)" type="Beachcomber.Db.Slacker.SlackerRunner.SpecsTester" method="RunSpecs" time="0.644" result="Pass">
        <output><![CDATA[Standard Error: 
Standard Output: Running Slacker ....

testoutput.txt:
Beachcomber (local_dev)
..

Finished in 0.079 seconds (files took 0.312 seconds to load)
2 examples, 0 failures


]]></output>
      </test>
      <test name="Beachcomber.Db.Slacker.SlackerRunner.SpecsTester.RunSpecs(holiday_schedule/put_get.rb)" type="Beachcomber.Db.Slacker.SlackerRunner.SpecsTester" method="RunSpecs" time="1.253" result="Pass">
        <output><![CDATA[Standard Error: 
Standard Output: Running Slacker ....

testoutput.txt:
Beachcomber (local_dev)
...

Finished in 0.689 seconds (files took 0.315 seconds to load)
3 examples, 0 failures


]]></output>
      </test>
      <test name="Beachcomber.Db.Slacker.SlackerRunner.SpecsTester.RunSpecs(lookup_code/is_valid_lookup_code.rb)" type="Beachcomber.Db.Slacker.SlackerRunner.SpecsTester" method="RunSpecs" time="0.702" result="Pass">
        <output><![CDATA[Standard Error: 
Standard Output: Running Slacker ....

testoutput.txt:
Beachcomber (local_dev)
.

Finished in 0.13 seconds (files took 0.314 seconds to load)
1 example, 0 failures


]]></output>
      </test>
      <test name="Beachcomber.Db.Slacker.SlackerRunner.SpecsTester.RunSpecs(lookup_code/lookup_code_description.rb)" type="Beachcomber.Db.Slacker.SlackerRunner.SpecsTester" method="RunSpecs" time="0.672" result="Pass">
        <output><![CDATA[Standard Error: 
Standard Output: Running Slacker ....

testoutput.txt:
Beachcomber (local_dev)
.

Finished in 0.11 seconds (files took 0.312 seconds to load)
1 example, 0 failures


]]></output>
      </test>
      <test name="Beachcomber.Db.Slacker.SlackerRunner.SpecsTester.RunSpecs(lookup_code/tf_lookup_code.rb)" type="Beachcomber.Db.Slacker.SlackerRunner.SpecsTester" method="RunSpecs" time="1.093" result="Pass">
        <output><![CDATA[Standard Error: 
Standard Output: Running Slacker ....

testoutput.txt:
Beachcomber (local_dev)
....

Finished in 0.538 seconds (files took 0.303 seconds to load)
4 examples, 0 failures


]]></output>
      </test>
      <test name="Beachcomber.Db.Slacker.SlackerRunner.SpecsTester.RunSpecs(lookup_type/put_get.rb)" type="Beachcomber.Db.Slacker.SlackerRunner.SpecsTester" method="RunSpecs" time="0.681" result="Pass">
        <output><![CDATA[Standard Error: 
Standard Output: Running Slacker ....

testoutput.txt:
Beachcomber (local_dev)
.

Finished in 0.066 seconds (files took 0.347 seconds to load)
1 example, 0 failures


]]></output>
      </test>
      <test name="Beachcomber.Db.Slacker.SlackerRunner.SpecsTester.RunSpecs(message/tf_message.rb)" type="Beachcomber.Db.Slacker.SlackerRunner.SpecsTester" method="RunSpecs" time="0.603" result="Pass">
        <output><![CDATA[Standard Error: 
Standard Output: Running Slacker ....

testoutput.txt:
Beachcomber (local_dev)
.

Finished in 0.037 seconds (files took 0.304 seconds to load)
1 example, 0 failures


]]></output>
      </test>
      <test name="Beachcomber.Db.Slacker.SlackerRunner.SpecsTester.RunSpecs(model/model_field_base_type_name.rb)" type="Beachcomber.Db.Slacker.SlackerRunner.SpecsTester" method="RunSpecs" time="0.609" result="Pass">
        <output><![CDATA[Standard Error: 
Standard Output: Running Slacker ....

testoutput.txt:
Beachcomber (local_dev)
.

Finished in 0.043 seconds (files took 0.301 seconds to load)
1 example, 0 failures


]]></output>
      </test>
      <test name="Beachcomber.Db.Slacker.SlackerRunner.SpecsTester.RunSpecs(model/model_type_format.rb)" type="Beachcomber.Db.Slacker.SlackerRunner.SpecsTester" method="RunSpecs" time="0.826" result="Pass">
        <output><![CDATA[Standard Error: 
Standard Output: Running Slacker ....

testoutput.txt:
Beachcomber (local_dev)
....

Finished in 0.235 seconds (files took 0.329 seconds to load)
4 examples, 0 failures


]]></output>
      </test>
      <test name="Beachcomber.Db.Slacker.SlackerRunner.SpecsTester.RunSpecs(operation_result/add_operation_message.rb)" type="Beachcomber.Db.Slacker.SlackerRunner.SpecsTester" method="RunSpecs" time="0.621" result="Pass">
        <output><![CDATA[Standard Error: 
Standard Output: Running Slacker ....

testoutput.txt:
Beachcomber (local_dev)
.

Finished in 0.033 seconds (files took 0.319 seconds to load)
1 example, 0 failures


]]></output>
      </test>
      <test name="Beachcomber.Db.Slacker.SlackerRunner.SpecsTester.RunSpecs(report_destination/report_destination_seed.rb)" type="Beachcomber.Db.Slacker.SlackerRunner.SpecsTester" method="RunSpecs" time="0.591" result="Pass">
        <output><![CDATA[Standard Error: 
Standard Output: Running Slacker ....

testoutput.txt:
Beachcomber (local_dev)
.

Finished in 0.027 seconds (files took 0.308 seconds to load)
1 example, 0 failures


]]></output>
      </test>
      <test name="Beachcomber.Db.Slacker.SlackerRunner.SpecsTester.RunSpecs(string_list/separated_string_to_string_list.rb)" type="Beachcomber.Db.Slacker.SlackerRunner.SpecsTester" method="RunSpecs" time="0.656" result="Pass">
        <output><![CDATA[Standard Error: 
Standard Output: Running Slacker ....

testoutput.txt:
Beachcomber (local_dev)
...

Finished in 0.091 seconds (files took 0.307 seconds to load)
3 examples, 0 failures


]]></output>
      </test>
      <test name="Beachcomber.Db.Slacker.SlackerRunner.SpecsTester.RunSpecs(string_list/string_list_to_table.rb)" type="Beachcomber.Db.Slacker.SlackerRunner.SpecsTester" method="RunSpecs" time="0.717" result="Pass">
        <output><![CDATA[Standard Error: 
Standard Output: Running Slacker ....

testoutput.txt:
Beachcomber (local_dev)
.....

Finished in 0.147 seconds (files took 0.317 seconds to load)
5 examples, 0 failures


]]></output>
      </test>
      <test name="Beachcomber.Db.Slacker.SlackerRunner.SpecsTester.RunSpecs(string_list/table_to_string_list.rb)" type="Beachcomber.Db.Slacker.SlackerRunner.SpecsTester" method="RunSpecs" time="0.727" result="Pass">
        <output><![CDATA[Standard Error: 
Standard Output: Running Slacker ....

testoutput.txt:
Beachcomber (local_dev)
.....

Finished in 0.157 seconds (files took 0.318 seconds to load)
5 examples, 0 failures


]]></output>
      </test>
      <test name="Beachcomber.Db.Slacker.SlackerRunner.SpecsTester.RunSpecs(user/maker_checker.rb)" type="Beachcomber.Db.Slacker.SlackerRunner.SpecsTester" method="RunSpecs" time="1.779" result="Pass">
        <output><![CDATA[Standard Error: 
Standard Output: Running Slacker ....

testoutput.txt:
Beachcomber (local_dev)
........

Finished in 1.22 seconds (files took 0.308 seconds to load)
8 examples, 0 failures


]]></output>
      </test>
      <test name="Beachcomber.Db.Slacker.SlackerRunner.SpecsTester.RunSpecs(user/role_put.rb)" type="Beachcomber.Db.Slacker.SlackerRunner.SpecsTester" method="RunSpecs" time="0.861" result="Pass">
        <output><![CDATA[Standard Error: 
Standard Output: Running Slacker ....

testoutput.txt:
Beachcomber (local_dev)
..

Finished in 0.298 seconds (files took 0.312 seconds to load)
2 examples, 0 failures


]]></output>
      </test>
      <test name="Beachcomber.Db.Slacker.SlackerRunner.SpecsTester.RunSpecs(user/user_del.rb)" type="Beachcomber.Db.Slacker.SlackerRunner.SpecsTester" method="RunSpecs" time="0.642" result="Pass">
        <output><![CDATA[Standard Error: 
Standard Output: Running Slacker ....

testoutput.txt:
Beachcomber (local_dev)
.

Finished in 0.079 seconds (files took 0.314 seconds to load)
1 example, 0 failures


]]></output>
      </test>
      <test name="Beachcomber.Db.Slacker.SlackerRunner.SpecsTester.RunSpecs(user/user_id.rb)" type="Beachcomber.Db.Slacker.SlackerRunner.SpecsTester" method="RunSpecs" time="0.596" result="Pass">
        <output><![CDATA[Standard Error: 
Standard Output: Running Slacker ....

testoutput.txt:
Beachcomber (local_dev)
.

Finished in 0.047 seconds (files took 0.301 seconds to load)
1 example, 0 failures


]]></output>
      </test>
      <test name="Beachcomber.Db.Slacker.SlackerRunner.SpecsTester.RunSpecs(user/user_put.rb)" type="Beachcomber.Db.Slacker.SlackerRunner.SpecsTester" method="RunSpecs" time="0.829" result="Pass">
        <output><![CDATA[Standard Error: 
Standard Output: Running Slacker ....

testoutput.txt:
Beachcomber (local_dev)
....

Finished in 0.227 seconds (files took 0.306 seconds to load)
4 examples, 0 failures


]]></output>
      </test>
      <test name="Beachcomber.Db.Slacker.SlackerRunner.SpecsTester.RunSpecs(user/user_put_get.rb)" type="Beachcomber.Db.Slacker.SlackerRunner.SpecsTester" method="RunSpecs" time="0.688" result="Pass">
        <output><![CDATA[Standard Error: 
Standard Output: Running Slacker ....

testoutput.txt:
Beachcomber (local_dev)
.

Finished in 0.068 seconds (files took 0.343 seconds to load)
1 example, 0 failures


]]></output>
      </test>
      <test name="Beachcomber.Db.Slacker.SlackerRunner.SpecsTester.RunSpecs(user/user_role_association_action.rb)" type="Beachcomber.Db.Slacker.SlackerRunner.SpecsTester" method="RunSpecs" time="1.789" result="Pass">
        <output><![CDATA[Standard Error: 
Standard Output: Running Slacker ....

testoutput.txt:
Beachcomber (local_dev)
.........

Finished in 1.2 seconds (files took 0.325 seconds to load)
9 examples, 0 failures


]]></output>
      </test>
    </collection>
  </assembly>
  <assembly name="I:\Agent\PROD-James_Bond\_work\5c0e0f53\CDO Team\spec\Beachcomber.Db.SqlClr.Spec\bin\Debug\Beachcomber.Db.SqlClr.Spec.dll" environment="64-bit .NET 4.0.30319.42000" test-framework="xUnit.net 1.8.0.1545" run-date="2016-03-11" run-time="18:31:51" total="24" passed="24" failed="0" skipped="0" time="6.746" errors="0">
    <errors />
    <collection total="24" passed="24" failed="0" skipped="0" name="xUnit.net v1 Tests for I:\Agent\PROD-James_Bond\_work\5c0e0f53\CDO Team\spec\Beachcomber.Db.SqlClr.Spec\bin\Debug\Beachcomber.Db.SqlClr.Spec.dll" time="6.746">
      <test name="Given Date.IsInvalidClientFormat, it returns true if characters are passed when expecting numbers." type="Beachcomber.Db.SqlClr.Spec.DateIsInvalidFormatSpec" method="DateIsInvalidClientFormatTest" time="0.686" result="Pass" />
      <test name="Given Date.IsInvalidClientFormat, it returns false if numbers are passed when expecting numbers." type="Beachcomber.Db.SqlClr.Spec.DateIsInvalidFormatSpec" method="DateIsInvalidClientFormatTest" time="0.001" result="Pass" />
      <test name="Given Date.IsInvalidClientFormat, it returns true if invalid characters are passed when expecting date in MMM/d/yyyy." type="Beachcomber.Db.SqlClr.Spec.DateIsInvalidFormatSpec" method="DateIsInvalidClientFormatTest" time="0.001" result="Pass" />
      <test name="Given Date.IsInvalidClientFormat, it returns true if invalid characters are passed when expecting date in MMMM/d/yyyy." type="Beachcomber.Db.SqlClr.Spec.DateIsInvalidFormatSpec" method="DateIsInvalidClientFormatTest" time="0.001" result="Pass" />
      <test name="Given Date.IsInvalidClientFormat, it returns true if invalid characters are passed when expecting literals." type="Beachcomber.Db.SqlClr.Spec.DateIsInvalidFormatSpec" method="DateIsInvalidClientFormatTest" time="0.002" result="Pass" />
      <test name="Given Date.IsInvalidClientFormat, it returns true if numbers are passed to escaped numeric format value." type="Beachcomber.Db.SqlClr.Spec.DateIsInvalidFormatSpec" method="DateIsInvalidClientFormatTest" time="0.001" result="Pass" />
      <test name="Given Date.IsInvalidClientFormat, it returns false if date are passed when expecting date." type="Beachcomber.Db.SqlClr.Spec.DateIsInvalidFormatSpec" method="DateIsInvalidClientFormatTest" time="0.000" result="Pass" />
      <test name="Given Date.IsInvalidClientFormat, it returns false if month is passed when expecting month." type="Beachcomber.Db.SqlClr.Spec.DateIsInvalidFormatSpec" method="DateIsInvalidClientFormatTest" time="0.033" result="Pass" />
      <test name="Given Date.IsInvalidClientFormat, it returns false if day of week is passed when expecting day of week." type="Beachcomber.Db.SqlClr.Spec.DateIsInvalidFormatSpec" method="DateIsInvalidClientFormatTest" time="0.009" result="Pass" />
      <test name="Given Date.IsInvalidClientFormat, it returns false if date and time are passed when expecting date and time." type="Beachcomber.Db.SqlClr.Spec.DateIsInvalidFormatSpec" method="DateIsInvalidClientFormatTest" time="0.001" result="Pass" />
      <test name="Given Date.ToClientFormat, it formats year values correctly." type="Beachcomber.Db.SqlClr.Spec.DateToClientFormatSpec" method="DateTest" time="0.043" result="Pass" />
      <test name="Given Date.ToClientFormat, it formats month values correctly." type="Beachcomber.Db.SqlClr.Spec.DateToClientFormatSpec" method="DateTest" time="0.002" result="Pass" />
      <test name="Given Date.ToClientFormat, it formats weekday values correctly." type="Beachcomber.Db.SqlClr.Spec.DateToClientFormatSpec" method="DateTest" time="0.002" result="Pass" />
      <test name="Given Date.ToClientFormat, it formats day of the month values correctly." type="Beachcomber.Db.SqlClr.Spec.DateToClientFormatSpec" method="DateTest" time="0.002" result="Pass" />
      <test name="Given Date.ToClientFormat, it formats hour values correctly." type="Beachcomber.Db.SqlClr.Spec.DateToClientFormatSpec" method="DateTest" time="0.002" result="Pass" />
      <test name="Given Date.ToClientFormat, it formats second values correctly." type="Beachcomber.Db.SqlClr.Spec.DateToClientFormatSpec" method="DateTest" time="0.001" result="Pass" />
      <test name="Given Date.ToClientFormat, it formats special cases and complex formats correctly." type="Beachcomber.Db.SqlClr.Spec.DateToClientFormatSpec" method="DateTest" time="0.003" result="Pass" />
      <test name="Given Date.ToClientFormat, it passes performance test for large number of iterations" type="Beachcomber.Db.SqlClr.Spec.DateToClientFormatSpec" method="DateTest" time="5.936" result="Pass" />
      <test name="Given ClientFormat.IsInvalidNumber, it returns true if characters are passed when expecting numbers." type="Beachcomber.Db.SqlClr.Spec.NumberIsInvalidFormatSpec" method="NumberIsInvalidClientFormatTest" time="0.014" result="Pass" />
      <test name="Given ClientFormat.IsInvalidNumber, it returns false if numbers are passed when expecting numbers." type="Beachcomber.Db.SqlClr.Spec.NumberIsInvalidFormatSpec" method="NumberIsInvalidClientFormatTest" time="0.000" result="Pass" />
      <test name="Given ClientFormat.IsInvalidNumber, it returns false if numbers are passed when expecting numbers with additional format info." type="Beachcomber.Db.SqlClr.Spec.NumberIsInvalidFormatSpec" method="NumberIsInvalidClientFormatTest" time="0.001" result="Pass" />
      <test name="Given ClientFormat.IsInvalidNumber, it returns false if numbers are passed with empty format." type="Beachcomber.Db.SqlClr.Spec.NumberIsInvalidFormatSpec" method="NumberIsInvalidClientFormatTest" time="0.000" result="Pass" />
      <test name="Given ClientFormat.IsInvalidNumber, it returns true if characters are passed with empty format." type="Beachcomber.Db.SqlClr.Spec.NumberIsInvalidFormatSpec" method="NumberIsInvalidClientFormatTest" time="0.000" result="Pass" />
      <test name="Given Text.RegexReplace, it replaces non-numeric values correctly." type="Beachcomber.Db.SqlClr.Spec.TextRegexReplaceSpec" method="RegexReplaceTest" time="0.005" result="Pass" />
    </collection>
  </assembly>
  <assembly name="I:\Agent\PROD-James_Bond\_work\5c0e0f53\CDO Team\spec\Beachcomber.Lib.Spec\bin\Debug\Beachcomber.Lib.Spec.dll" environment="64-bit .NET 4.0.30319.42000" test-framework="xUnit.net 1.8.0.1545" run-date="2016-03-11" run-time="18:31:58" total="74" passed="74" failed="0" skipped="0" time="9.469" errors="0">
    <errors />
    <collection total="74" passed="74" failed="0" skipped="0" name="xUnit.net v1 Tests for I:\Agent\PROD-James_Bond\_work\5c0e0f53\CDO Team\spec\Beachcomber.Lib.Spec\bin\Debug\Beachcomber.Lib.Spec.dll" time="9.469">
      <test name="Given a preset ActiveDirectoryGroupMonitor.DbCodeToTimerMap, ActiveDirectoryGroupMonitor correctly monitors the groups" type="Beachcomber.Lib.Spec.ActiveDirectoryGroupMonitorSpec" method="PollSpec" time="2.992" result="Pass">
        <output><![CDATA[Retrieved configuration settings
]]></output>
      </test>
      <test name="Given a set of templates, the template is generated successfully" type="Beachcomber.Lib.Spec.BeachcomberRazorTemplateSpec" method="TemplateSpecAll" time="0.057" result="Pass" />
      <test name="Given a BeachcomberContext, a BrokerQueueClient should be able to process one message at a time" type="Beachcomber.Lib.Spec.BrokerQueueClientSpec" method="BrokerQueueClientTest" time="0.267" result="Pass" />
      <test name="Given a BeachcomberContext, a BrokerQueueClient should be able to process multiple messages at a time" type="Beachcomber.Lib.Spec.BrokerQueueClientSpec" method="BrokerQueueClientTest" time="0.045" result="Pass" />
      <test name="Given CommonMarkHelper, it correctly converts a Markdown input to a text input" type="Beachcomber.Lib.Spec.CommonMarkHelperSpec" method="DetailsTagTest" time="0.006" result="Pass" />
      <test name="Given CommonMarkHelper, it correctly converts a Markdown input to HTML input" type="Beachcomber.Lib.Spec.CommonMarkHelperSpec" method="DetailsTagTest" time="0.037" result="Pass" />
      <test name="Given a BeachcomberContext, a model specification can be extracted based on a model stored procedure" type="Beachcomber.Lib.Spec.DbModelProcessorSpec" method="DbModelProcessing" time="0.880" result="Pass" />
      <test name="Given a BeachcomberContext, a deep model tree can be generated based on a single model name" type="Beachcomber.Lib.Spec.DbModelProcessorSpec" method="DbModelProcessing" time="0.206" result="Pass" />
      <test name="Given a BeachcomberContext, a deep model tree can be deducted based on a list of model names" type="Beachcomber.Lib.Spec.DbModelProcessorSpec" method="DbModelProcessing" time="0.014" result="Pass" />
      <test name="Given a BeachcomberContext, the system throws an exception when trying to get a non-existing model" type="Beachcomber.Lib.Spec.DbModelProcessorSpec" method="DbModelProcessing" time="0.057" result="Pass" />
      <test name="Given DotLiquidExtensions, tag &quot;bullet_details&quot; is correctly registered and performs as expected" type="Beachcomber.Lib.Spec.DotLiquidExtensionsSpec" method="DetailsTagTest" time="0.035" result="Pass" />
      <test name="Given DotLiquidExtensions, tag &quot;bullet_list&quot; is correctly registered and performs as expected" type="Beachcomber.Lib.Spec.DotLiquidExtensionsSpec" method="DetailsTagTest" time="0.003" result="Pass" />
      <test name="Given DotLiquidExtensions, filter &quot;zn&quot; is correctly registered and performs as expected" type="Beachcomber.Lib.Spec.DotLiquidExtensionsSpec" method="DetailsTagTest" time="0.018" result="Pass" />
      <test name="Given DotLiquidExtensions, filter &quot;markdown&quot; is correctly registered and performs as expected" type="Beachcomber.Lib.Spec.DotLiquidExtensionsSpec" method="DetailsTagTest" time="0.007" result="Pass" />
      <test name="Given DotLiquidExtensions, ExcelExportDatasetDimensions can be used in a dotLiquid template to perform arithmetic operations" type="Beachcomber.Lib.Spec.DotLiquidExtensionsSpec" method="DetailsTagTest" time="0.021" result="Pass" />
      <test name="Given a BeachcomberContext, ExcelExport handles hierarchical data" type="Beachcomber.Lib.Spec.ExcelExportSpec" method="ExcelExportSpecAll" time="1.188" result="Pass" />
      <test name="Given a BeachcomberContext, ColumnAddress works as expected" type="Beachcomber.Lib.Spec.ExcelExportSpec" method="ExcelExportSpecAll" time="0.003" result="Pass" />
      <test name="Given a BeachcomberContext, ExcelExport correctly handles grid strored procedures and appropriately overrides the return_type request parameter" type="Beachcomber.Lib.Spec.ExcelExportSpec" method="ExcelExportSpecAll" time="0.169" result="Pass" />
      <test name="Given a BeachcomberContext, ExcelExport correctly handles various style exports" type="Beachcomber.Lib.Spec.ExcelExportSpec" method="ExcelExportSpecAll" time="0.347" result="Pass" />
      <test name="Given a BeachcomberContext, ExcelExport correctly handles grid strored procedures with custom Excel template" type="Beachcomber.Lib.Spec.ExcelExportSpec" method="ExcelExportSpecAll" time="0.070" result="Pass" />
      <test name="Given a BeachcomberContext, ExcelExport correctly handles grid strored procedures by calling them with return_type=EXCEL" type="Beachcomber.Lib.Spec.ExcelExportSpec" method="ExcelExportSpecAll" time="0.075" result="Pass" />
      <test name="Given a BeachcomberContext, ExcelExport correctly uses the custom excel target file returned by the metadata" type="Beachcomber.Lib.Spec.ExcelExportSpec" method="ExcelExportSpecAll" time="0.069" result="Pass" />
      <test name="Given a BeachcomberContext, ExcelExport correctly generates output file name based on the grid title" type="Beachcomber.Lib.Spec.ExcelExportSpec" method="ExcelExportSpecAll" time="0.068" result="Pass" />
      <test name="Given a BeachcomberContext, ExcelExport correctly handles grid strored procedures with custom Excel templates" type="Beachcomber.Lib.Spec.ExcelExportSpec" method="ExcelExportSpecAll" time="0.155" result="Pass" />
      <test name="Given a BeachcomberContext, ExcelExport populates a default excel workbook with the resultset of a stored procedure" type="Beachcomber.Lib.Spec.ExcelExportSpec" method="ExcelExportSpecAll" time="0.089" result="Pass" />
      <test name="Given a BeachcomberContext, ExcelExport populates an excel workbook with multiple resultsets from a stored procedure" type="Beachcomber.Lib.Spec.ExcelExportSpec" method="ExcelExportSpecAll" time="0.124" result="Pass" />
      <test name="Given a BeachcomberContext, ExcelExport correctly handles type conversions" type="Beachcomber.Lib.Spec.ExcelExportSpec" method="ExcelExportSpecAll" time="0.099" result="Pass" />
      <test name="Given a BeachcomberContext, ExcelExport correctly handles Excel export metadata" type="Beachcomber.Lib.Spec.ExcelExportSpec" method="ExcelExportSpecAll" time="0.125" result="Pass" />
      <test name="Given an ExecutionSurface with preloaded test data, the surface contents is as expected" type="Beachcomber.Lib.Spec.ExecutionSurfaceSpec" method="ExecutionSurfaceSpecAll" time="0.465" result="Pass" />
      <test name="Given an ExecutionSurface with preloaded test data, authorization works as expected" type="Beachcomber.Lib.Spec.ExecutionSurfaceSpec" method="ExecutionSurfaceSpecAll" time="0.417" result="Pass" />
      <test name="Given an ExecutionSurface with preloaded test data, authorization works as expected as it relates to role inheritance" type="Beachcomber.Lib.Spec.ExecutionSurfaceSpec" method="ExecutionSurfaceSpecAll" time="0.339" result="Pass" />
      <test name="Given an Xml string with an array, it correctly gets converted to an IEnumerable" type="Beachcomber.Lib.Spec.ExtensionsSpec" method="XmlToFlexSpecArrays" time="0.056" result="Pass" />
      <test name="Given an Xml string, it can be converted to a Flex" type="Beachcomber.Lib.Spec.ExtensionsSpec" method="XmlToFlexSpec" time="0.034" result="Pass" />
      <test name="Given an IEnumerable&lt;T&gt;, extension method ForEach can be used to enumerate all its elements" type="Beachcomber.Lib.Spec.ExtensionsSpec" method="ForEachSpec" time="0.004" result="Pass" />
      <test name="Given an object and a Flex, extension method ToObject properly populates an object with the contents of a Flex" type="Beachcomber.Lib.Spec.ExtensionsSpec" method="ToObjectSpec" time="0.009" result="Pass" />
      <test name="Given an object and a Flex, extension method ToObject properly populates an object with the contents of a Flex ins strict mode" type="Beachcomber.Lib.Spec.ExtensionsSpec" method="ToObjectSpec" time="0.000" result="Pass" />
      <test name="Given an object and a Flex, extension method ToObject properly throws in strict mode" type="Beachcomber.Lib.Spec.ExtensionsSpec" method="ToObjectSpec" time="0.000" result="Pass" />
      <test name="Given a Flex object, it correctly gets converted to an Xml string" type="Beachcomber.Lib.Spec.ExtensionsSpec" method="FlexToXmlSpec" time="0.004" result="Pass" />
      <test name="Given Flex, it can be converted to Json" type="Beachcomber.Lib.Spec.FlexSpec" method="UnderscoreSpec" time="0.025" result="Pass" />
      <test name="Given Flex, a Json value can be converted to a Flex" type="Beachcomber.Lib.Spec.FlexSpec" method="UnderscoreSpec" time="0.027" result="Pass" />
      <test name="Given a BeachcomberContext, a grid meta can converted to Json" type="Beachcomber.Lib.Spec.GridMetaSpec" method="MetaJsonSpec" time="0.032" result="Pass" />
      <test name="Given a string, it can be underscored using the Inflector extension methods" type="Beachcomber.Lib.Spec.InflectorSpec" method="UnderscoreSpec" time="0.000" result="Pass" />
      <test name="Given a Json string, it correctly converts it to a .NET object" type="Beachcomber.Lib.Spec.JsonHelperSpec" method="JsonToObject" time="0.008" result="Pass" />
      <test name="Given an arbitrary anonymous object, it correctly converts it to a Json string" type="Beachcomber.Lib.Spec.JsonHelperSpec" method="AnonymousObjectToJsonSpec" time="0.006" result="Pass" />
      <test name="Given an arbitrary Flex, it correctly converts it to a Json string" type="Beachcomber.Lib.Spec.JsonHelperSpec" method="FlexToJsonSpec" time="0.010" result="Pass" />
      <test name="Given a BeachcomberContext, calling a sproc which divides by zero throws an exception (ANSI_WARNINGS is set to ON)" type="Beachcomber.Lib.Spec.SprocSpec" method="SprocSpecAll" time="0.017" result="Pass" />
      <test name="Given a BeachcomberContext, sprocs can be executed dynamically through its Sproc property" type="Beachcomber.Lib.Spec.SprocSpec" method="SprocSpecAll" time="0.014" result="Pass" />
      <test name="Given a BeachcomberContext, sprocs with named params can be invoked" type="Beachcomber.Lib.Spec.SprocSpec" method="SprocSpecAll" time="0.013" result="Pass" />
      <test name="Given a BeachcomberContext, sprocs with optional params can be invoked" type="Beachcomber.Lib.Spec.SprocSpec" method="SprocSpecAll" time="0.027" result="Pass" />
      <test name="Given a BeachcomberContext, sprocs with 'out' params can be invoked" type="Beachcomber.Lib.Spec.SprocSpec" method="SprocSpecAll" time="0.011" result="Pass" />
      <test name="Given a BeachcomberContext, sprocs with xml 'out' params can be invoked" type="Beachcomber.Lib.Spec.SprocSpec" method="SprocSpecAll" time="0.065" result="Pass" />
      <test name="Given a BeachcomberContext, a sproc can be called with arbitrary number of parameters - it will ignore parameters which it does not accept" type="Beachcomber.Lib.Spec.SprocSpec" method="SprocSpecAll" time="0.008" result="Pass" />
      <test name="Given a BeachcomberContext, an array of objects is passed to the udnerlying sproc as a table" type="Beachcomber.Lib.Spec.SprocSpec" method="SprocSpecAll" time="0.232" result="Pass" />
      <test name="Given a BeachcomberContext, an array with disjointed elements can be passed as a parameter to a sproc which takes a table valued parameter" type="Beachcomber.Lib.Spec.SprocSpec" method="SprocSpecAll" time="0.012" result="Pass" />
      <test name="Given a BeachcomberContext, a complex object can be passed to a sproc which takes an XML input parameter" type="Beachcomber.Lib.Spec.SprocSpec" method="SprocSpecAll" time="0.023" result="Pass" />
      <test name="Given a BeachcomberContext, an object is passed to the udnerlying sproc as a table" type="Beachcomber.Lib.Spec.SprocSpec" method="SprocSpecAll" time="0.009" result="Pass" />
      <test name="Given a BeachcomberContext, an array of objects is passed to the udnerlying sproc as a table and used by it" type="Beachcomber.Lib.Spec.SprocSpec" method="SprocSpecAll" time="0.065" result="Pass" />
      <test name="Given a BeachcomberContext, a sproc's resultset which contains a hierarchy_child_id and hierarchy_parent_id is compiled into a hierarchical resultset" type="Beachcomber.Lib.Spec.SprocSpec" method="SprocSpecAll" time="0.031" result="Pass" />
      <test name="Given a BeachcomberContext, a hierarchical result pushes all orphans to the top of the hierarchy" type="Beachcomber.Lib.Spec.SprocSpec" method="SprocSpecAll" time="0.007" result="Pass" />
      <test name="Given a BeachcomberContext, a hierarchical result does not omit children of missing parents when there is a single record in the recordset" type="Beachcomber.Lib.Spec.SprocSpec" method="SprocSpecAll" time="0.006" result="Pass" />
      <test name="Given a BeachcomberContext, a hierarchical result omits shallow circular reference chains" type="Beachcomber.Lib.Spec.SprocSpec" method="SprocSpecAll" time="0.006" result="Pass" />
      <test name="Given a BeachcomberContext, a hierarchical result omits deep circular reference chains" type="Beachcomber.Lib.Spec.SprocSpec" method="SprocSpecAll" time="0.006" result="Pass" />
      <test name="Given a BeachcomberContext, a sproc which accepts INT parameters can be called with a string representation of an INT" type="Beachcomber.Lib.Spec.SprocSpec" method="SprocSpecAll" time="0.012" result="Pass" />
      <test name="Given a BeachcomberContext, a sproc which accepts INT parameters can be called with an empty string which is internally converted to NULL" type="Beachcomber.Lib.Spec.SprocSpec" method="SprocSpecAll" time="0.006" result="Pass" />
      <test name="Given a BeachcomberContext, a sproc returns an error message in the operation result and stops the sproc execution when an error message is reported" type="Beachcomber.Lib.Spec.SprocSpec" method="SprocSpecAll" time="0.046" result="Pass" />
      <test name="Given a BeachcomberContext, an error message includes the SQL call-stack when enabled" type="Beachcomber.Lib.Spec.SprocSpec" method="SprocSpecAll" time="0.041" result="Pass" />
      <test name="Given a BeachcomberContext, a sproc returns a warning message in the operation result and stops the sproc execution when a warning message is reported" type="Beachcomber.Lib.Spec.SprocSpec" method="SprocSpecAll" time="0.020" result="Pass" />
      <test name="Given a BeachcomberContext, a sproc returns an info message in the operation result and does not stop the sproc execution when an info message is reported" type="Beachcomber.Lib.Spec.SprocSpec" method="SprocSpecAll" time="0.019" result="Pass" />
      <test name="Given a BeachcomberContext, a sproc can respond with a collection of messages" type="Beachcomber.Lib.Spec.SprocSpec" method="SprocSpecAll" time="0.022" result="Pass" />
      <test name="Given a BeachcomberContext, a nested sproc returns an error message in the operation result and stops the sproc execution when an error message is reported" type="Beachcomber.Lib.Spec.SprocSpec" method="SprocSpecAll" time="0.022" result="Pass" />
      <test name="Given a BeachcomberContext, a nested sproc returns a warning message in the operation result and stops the sproc execution when a warning message is reported" type="Beachcomber.Lib.Spec.SprocSpec" method="SprocSpecAll" time="0.020" result="Pass" />
      <test name="Given a BeachcomberContext, a nested sproc returns an info message in the operation result and does not stop the sproc execution when an info message is reported" type="Beachcomber.Lib.Spec.SprocSpec" method="SprocSpecAll" time="0.018" result="Pass" />
      <test name="Given a BeachcomberContext, a nested sproc can respond with a collection of messages" type="Beachcomber.Lib.Spec.SprocSpec" method="SprocSpecAll" time="0.023" result="Pass" />
      <test name="Given a BeachcomberContext, Sproc can be called with a pre and post closure with an open connection" type="Beachcomber.Lib.Spec.SprocSpec" method="SprocSpecAll" time="0.006" result="Pass" />
    </collection>
  </assembly>
  <assembly />
  <assembly />
  <assembly />
  <assembly name="I:\Agent\PROD-James_Bond\_work\5c0e0f53\CDO Team\spec\Beachcomber.Web.Spec\bin\Debug\Beachcomber.Web.Spec.dll" environment="64-bit .NET 4.0.30319.42000" test-framework="xUnit.net 1.8.0.1545" run-date="2016-03-11" run-time="18:32:11" total="38" passed="38" failed="0" skipped="0" time="6.983" errors="0">
    <errors />
    <collection total="38" passed="38" failed="0" skipped="0" name="xUnit.net v1 Tests for I:\Agent\PROD-James_Bond\_work\5c0e0f53\CDO Team\spec\Beachcomber.Web.Spec\bin\Debug\Beachcomber.Web.Spec.dll" time="6.983">
      <test name="Given a BeachcomberContext, DirectFileController can be used to import an Excel file directly into a table" type="Beachcomber.Web.Spec.DirectFileControllerSpec" method="ImportSpec" time="4.230" result="Pass" />
      <test name="Given a BeachcomberContext, DirectFileController offers option to load worksheets with missing fields" type="Beachcomber.Web.Spec.DirectFileControllerSpec" method="ImportSpec" time="0.163" result="Pass" />
      <test name="Given a BeachcomberContext, DirectFileController offers option to load worksheets with extra fields" type="Beachcomber.Web.Spec.DirectFileControllerSpec" method="ImportSpec" time="0.157" result="Pass" />
      <test name="Given a BeachcomberContext, DirectFileController detects missing worksheets" type="Beachcomber.Web.Spec.DirectFileControllerSpec" method="ImportSpec" time="0.090" result="Pass" />
      <test name="Given a BeachcomberContext, DirectFileController offers an option to run a post-load stored procedure as part of the import operation" type="Beachcomber.Web.Spec.DirectFileControllerSpec" method="ImportSpec" time="0.324" result="Pass">
        <output><![CDATA[Retrieved Active Users
Retrieved Execution Surface
]]></output>
      </test>
      <test name="Given a BeachcomberContext, DirectFileController correctly processes operation result messages generated by the post-load stored procedure" type="Beachcomber.Web.Spec.DirectFileControllerSpec" method="ImportSpec" time="0.209" result="Pass" />
      <test name="Given a BeachcomberContext, Assert" type="Beachcomber.Web.Spec.ModelControllerSpec" method="DbCallSpec" time="0.001" result="Pass" />
      <test name="Given a BeachcomberContext, Sproc Controller returns a filtered list of records when a single property-value filter is specified as a request parameter" type="Beachcomber.Web.Spec.SprocControllerSpec" method="SprocFilteredGetSpec" time="0.589" result="Pass">
        <output><![CDATA[Retrieved configuration settings
]]></output>
      </test>
      <test name="Given a BeachcomberContext, Sproc Controller returns a filtered list of records when a multi property-value filter is specified as a request parameter" type="Beachcomber.Web.Spec.SprocControllerSpec" method="SprocFilteredGetSpec" time="0.066" result="Pass" />
      <test name="Given a BeachcomberContext, Sproc Controller returns a filtered list of records when an exact string match filter is executed" type="Beachcomber.Web.Spec.SprocControllerSpec" method="SprocFilteredGetSpec" time="0.038" result="Pass" />
      <test name="Given a BeachcomberContext, Sproc Controller returns an empty list of records when an exact string match filter is executed with the wrong string value" type="Beachcomber.Web.Spec.SprocControllerSpec" method="SprocFilteredGetSpec" time="0.036" result="Pass" />
      <test name="Given a BeachcomberContext, Sproc Controller returns a filtered list of records when a &quot;like&quot; string match filter is executed" type="Beachcomber.Web.Spec.SprocControllerSpec" method="SprocFilteredGetSpec" time="0.041" result="Pass" />
      <test name="Given a BeachcomberContext, Sproc Controller returns an empty list of records when an exact string match filter is executed with the wrong string value" type="Beachcomber.Web.Spec.SprocControllerSpec" method="SprocFilteredGetSpec" time="0.032" result="Pass" />
      <test name="Given a BeachcomberContext, Sproc Controller returns a filtered list of records when numeric greater than comparison is executed" type="Beachcomber.Web.Spec.SprocControllerSpec" method="SprocFilteredGetSpec" time="0.039" result="Pass" />
      <test name="Given a BeachcomberContext, Sproc Controller returns an empty list of records when numeric greater than comparison is executed with a number equal to the max" type="Beachcomber.Web.Spec.SprocControllerSpec" method="SprocFilteredGetSpec" time="0.034" result="Pass" />
      <test name="Given a BeachcomberContext, Sproc Controller returns a filtered list of records when numeric less than comparison is executed" type="Beachcomber.Web.Spec.SprocControllerSpec" method="SprocFilteredGetSpec" time="0.036" result="Pass" />
      <test name="Given a BeachcomberContext, Sproc Controller returns an empty list of records when numeric less than comparison is executed with a number equal to the min" type="Beachcomber.Web.Spec.SprocControllerSpec" method="SprocFilteredGetSpec" time="0.034" result="Pass" />
      <test name="Given a BeachcomberContext, Sproc Controller returns a filtered list of records when numeric equal to comparison is executed" type="Beachcomber.Web.Spec.SprocControllerSpec" method="SprocFilteredGetSpec" time="0.032" result="Pass" />
      <test name="Given a BeachcomberContext, Sproc Controller returns an empty list of records when numeric equal to comparison is executed with a number which does not exist in the database model" type="Beachcomber.Web.Spec.SprocControllerSpec" method="SprocFilteredGetSpec" time="0.033" result="Pass" />
      <test name="Given a BeachcomberContext, Sproc Controller returns a filtered list of records when date greater than comparison is executed" type="Beachcomber.Web.Spec.SprocControllerSpec" method="SprocFilteredGetSpec" time="0.042" result="Pass" />
      <test name="Given a BeachcomberContext, Sproc Controller returns an empty list of records when date greater than comparison is executed with a number equal to the max" type="Beachcomber.Web.Spec.SprocControllerSpec" method="SprocFilteredGetSpec" time="0.040" result="Pass" />
      <test name="Given a BeachcomberContext, Sproc Controller returns a filtered list of records when date less than comparison is executed" type="Beachcomber.Web.Spec.SprocControllerSpec" method="SprocFilteredGetSpec" time="0.034" result="Pass" />
      <test name="Given a BeachcomberContext, Sproc Controller returns an empty list of records when date less than comparison is executed with a number equal to the min" type="Beachcomber.Web.Spec.SprocControllerSpec" method="SprocFilteredGetSpec" time="0.031" result="Pass" />
      <test name="Given a BeachcomberContext, Sproc Controller returns a filtered list of records when date equal to comparison is executed" type="Beachcomber.Web.Spec.SprocControllerSpec" method="SprocFilteredGetSpec" time="0.031" result="Pass" />
      <test name="Given a BeachcomberContext, Sproc Controller returns an empty list of records when date equal to comparison is executed with a date which does not exist in the database model" type="Beachcomber.Web.Spec.SprocControllerSpec" method="SprocFilteredGetSpec" time="0.029" result="Pass" />
      <test name="Given a BeachcomberContext, Sproc Controller returns a filtered list of records when true boolean equal to comparison is executed" type="Beachcomber.Web.Spec.SprocControllerSpec" method="SprocFilteredGetSpec" time="0.032" result="Pass" />
      <test name="Given a BeachcomberContext, Sproc Controller returns a filtered list of records when false boolean equal to comparison is executed" type="Beachcomber.Web.Spec.SprocControllerSpec" method="SprocFilteredGetSpec" time="0.032" result="Pass" />
      <test name="Given a BeachcomberContext, Sproc Controller returns an empty list of records when true boolean equal to comparison is executed against a field which is all false" type="Beachcomber.Web.Spec.SprocControllerSpec" method="SprocFilteredGetSpec" time="0.033" result="Pass" />
      <test name="Given a BeachcomberContext, Sproc Controller returns an empty list of records when false boolean equal to comparison is executed against a field which is all true" type="Beachcomber.Web.Spec.SprocControllerSpec" method="SprocFilteredGetSpec" time="0.032" result="Pass" />
      <test name="Given a BeachcomberContext, SprocController can call simple sprocs with parameters" type="Beachcomber.Web.Spec.SprocControllerSpec" method="SprocCallSpec" time="0.032" result="Pass" />
      <test name="Given a BeachcomberContext, SprocController correctly handles ISO 8601 dates as parameters" type="Beachcomber.Web.Spec.SprocControllerSpec" method="SprocCallSpec" time="0.031" result="Pass" />
      <test name="Given a BeachcomberContext, SprocController can call sprocs with XML out parameters" type="Beachcomber.Web.Spec.SprocControllerSpec" method="SprocCallSpec" time="0.032" result="Pass" />
      <test name="Given a BeachcomberContext, SprocController correctly handles XML typed elements" type="Beachcomber.Web.Spec.SprocControllerSpec" method="SprocCallSpec" time="0.026" result="Pass" />
      <test name="Given a BeachcomberContext, SprocController correctly reports field SQL data types" type="Beachcomber.Web.Spec.SprocControllerSpec" method="SprocCallSpec" time="0.037" result="Pass" />
      <test name="Given a BeachcomberContext, Sproc Controller returns a list of records on GET without a specified ID" type="Beachcomber.Web.Spec.SprocControllerSpec" method="SprocCallSpec" time="0.042" result="Pass" />
      <test name="Given a BeachcomberContext, Sproc Controller returns a single record when GET is called with an ID parameter" type="Beachcomber.Web.Spec.SprocControllerSpec" method="SprocCallSpec" time="0.054" result="Pass" />
      <test name="Given a BeachcomberContext, Sproc Controller creates a single new record when _put sproc is called" type="Beachcomber.Web.Spec.SprocControllerSpec" method="SprocCallSpec" time="0.118" result="Pass" />
      <test name="Given a BeachcomberContext, Sproc Controller performs a record edit when _put sproc is called on an existing record" type="Beachcomber.Web.Spec.SprocControllerSpec" method="SprocCallSpec" time="0.091" result="Pass" />
    </collection>
  </assembly>
</assemblies>